Code Domaine,Domaine,Code Pays,Pays,Code Élément,Élément,Code Produit,Produit,Code Année,Année,Unité,Valeur,Symbole,Description du Symbole
"FBS","Bilans Alimentaires","2","Afghanistan","664","Disponibilité alimentaire (Kcal/personne/jour)","2941","Produits Animaux","2013","2013","Kcal/personne/jour","216","Fc","Donnée calculée"
"FBS","Bilans Alimentaires","2","Afghanistan","674","Disponibilité de protéines en quantité (g/personne/jour)","2941","Produits Animaux","2013","2013","g/personne/jour","12.22","Fc","Donnée calculée"
"FBS","Bilans Alimentaires","202","Afrique du Sud","664","Disponibilité alimentaire (Kcal/personne/jour)","2941","Produits Animaux","2013","2013","Kcal/personne/jour","488","Fc","Donnée calculée"
"FBS","Bilans Alimentaires","202","Afrique du Sud","674","Disponibilité de protéines en quantité (g/personne/jour)","2941","Produits Animaux","2013","2013","g/personne/jour","36.38","Fc","Donnée calculée"
"FBS","Bilans Alimentaires","3","Albanie","664","Disponibilité alimentaire (Kcal/personne/jour)","2941","Produits Animaux","2013","2013","Kcal/personne/jour","987","Fc","Donnée calculée"
"FBS","Bilans Alimentaires","3","Albanie","674","Disponibilité de protéines en quantité (g/personne/jour)","2941","Produits Animaux","2013","2013","g/personne/jour","59.42","Fc","Donnée calculée"
"FBS","Bilans Alimentaires","4","Algérie","664","Disponibilité alimentaire (Kcal/personne/jour)","2941","Produits Animaux","2013","2013","Kcal/personne/jour","379","Fc","Donnée calculée"
"FBS","Bilans Alimentaires","4","Algérie","674","Disponibilité de protéines en quantité (g/personne/jour)","2941","Produits Animaux","2013","2013","g/personne/jour","24.99","Fc","Donnée calculée"
"FBS","Bilans Alimentaires","79","Allemagne","664","Disponibilité alimentaire (Kcal/personne/jour)","2941","Produits Animaux","2013","2013","Kcal/personne/jour","1044","Fc","Donnée calculée"
"FBS","Bilans Alimentaires","79","Allemagne","674","Disponibilité de protéines en quantité (g/personne/jour)","2941","Produits Animaux","2013","2013","g/personne/jour","61.48","Fc","Donnée calculée"
"FBS","Bilans Alimentaires","7","Angola","664","Disponibilité alimentaire (Kcal/personne/jour)","2941","Produits Animaux","2013","2013","Kcal/personne/jour","254","Fc","Donnée calculée"
"FBS","Bilans Alimentaires","7","Angola","674","Disponibilité de protéines en quantité (g/personne/jour)","2941","Produits Animaux","2013","2013","g/personne/jour","18.4","Fc","Donnée calculée"
"FBS","Bilans Alimentaires","8","Antigua-et-Barbuda","664","Disponibilité alimentaire (Kcal/personne/jour)","2941","Produits Animaux","2013","2013","Kcal/personne/jour","780","Fc","Donnée calculée"
"FBS","Bilans Alimentaires","8","Antigua-et-Barbuda","674","Disponibilité de protéines en quantité (g/personne/jour)","2941","Produits Animaux","2013","2013","g/personne/jour","56.83","Fc","Donnée calculée"
"FBS","Bilans Alimentaires","194","Arabie saoudite","664","Disponibilité alimentaire (Kcal/personne/jour)","2941","Produits Animaux","2013","2013","Kcal/personne/jour","520","Fc","Donnée calculée"
"FBS","Bilans Alimentaires","194","Arabie saoudite","674","Disponibilité de protéines en quantité (g/personne/jour)","2941","Produits Animaux","2013","2013","g/personne/jour","39.93","Fc","Donnée calculée"
"FBS","Bilans Alimentaires","9","Argentine","664","Disponibilité alimentaire (Kcal/personne/jour)","2941","Produits Animaux","2013","2013","Kcal/personne/jour","989","Fc","Donnée calculée"
"FBS","Bilans Alimentaires","9","Argentine","674","Disponibilité de protéines en quantité (g/personne/jour)","2941","Produits Animaux","2013","2013","g/personne/jour","66.94","Fc","Donnée calculée"
"FBS","Bilans Alimentaires","1","Arménie","664","Disponibilité alimentaire (Kcal/personne/jour)","2941","Produits Animaux","2013","2013","Kcal/personne/jour","783","Fc","Donnée calculée"
"FBS","Bilans Alimentaires","1","Arménie","674","Disponibilité de protéines en quantité (g/personne/jour)","2941","Produits Animaux","2013","2013","g/personne/jour","43.25","Fc","Donnée calculée"
"FBS","Bilans Alimentaires","10","Australie","664","Disponibilité alimentaire (Kcal/personne/jour)","2941","Produits Animaux","2013","2013","Kcal/personne/jour","1050","Fc","Donnée calculée"
"FBS","Bilans Alimentaires","10","Australie","674","Disponibilité de protéines en quantité (g/personne/jour)","2941","Produits Animaux","2013","2013","g/personne/jour","71.68","Fc","Donnée calculée"
"FBS","Bilans Alimentaires","11","Autriche","664","Disponibilité alimentaire (Kcal/personne/jour)","2941","Produits Animaux","2013","2013","Kcal/personne/jour","1137","Fc","Donnée calculée"
"FBS","Bilans Alimentaires","11","Autriche","674","Disponibilité de protéines en quantité (g/personne/jour)","2941","Produits Animaux","2013","2013","g/personne/jour","62.86","Fc","Donnée calculée"
"FBS","Bilans Alimentaires","52","Azerbaïdjan","664","Disponibilité alimentaire (Kcal/personne/jour)","2941","Produits Animaux","2013","2013","Kcal/personne/jour","511","Fc","Donnée calculée"
"FBS","Bilans Alimentaires","52","Azerbaïdjan","674","Disponibilité de protéines en quantité (g/personne/jour)","2941","Produits Animaux","2013","2013","g/personne/jour","30.08","Fc","Donnée calculée"
"FBS","Bilans Alimentaires","12","Bahamas","664","Disponibilité alimentaire (Kcal/personne/jour)","2941","Produits Animaux","2013","2013","Kcal/personne/jour","843","Fc","Donnée calculée"
"FBS","Bilans Alimentaires","12","Bahamas","674","Disponibilité de protéines en quantité (g/personne/jour)","2941","Produits Animaux","2013","2013","g/personne/jour","56.43","Fc","Donnée calculée"
"FBS","Bilans Alimentaires","16","Bangladesh","664","Disponibilité alimentaire (Kcal/personne/jour)","2941","Produits Animaux","2013","2013","Kcal/personne/jour","106","Fc","Donnée calculée"
"FBS","Bilans Alimentaires","16","Bangladesh","674","Disponibilité de protéines en quantité (g/personne/jour)","2941","Produits Animaux","2013","2013","g/personne/jour","9.92","Fc","Donnée calculée"
"FBS","Bilans Alimentaires","14","Barbade","664","Disponibilité alimentaire (Kcal/personne/jour)","2941","Produits Animaux","2013","2013","Kcal/personne/jour","687","Fc","Donnée calculée"
"FBS","Bilans Alimentaires","14","Barbade","674","Disponibilité de protéines en quantité (g/personne/jour)","2941","Produits Animaux","2013","2013","g/personne/jour","50.52","Fc","Donnée calculée"
"FBS","Bilans Alimentaires","57","Bélarus","664","Disponibilité alimentaire (Kcal/personne/jour)","2941","Produits Animaux","2013","2013","Kcal/personne/jour","838","Fc","Donnée calculée"
"FBS","Bilans Alimentaires","57","Bélarus","674","Disponibilité de protéines en quantité (g/personne/jour)","2941","Produits Animaux","2013","2013","g/personne/jour","54.96","Fc","Donnée calculée"
"FBS","Bilans Alimentaires","255","Belgique","664","Disponibilité alimentaire (Kcal/personne/jour)","2941","Produits Animaux","2013","2013","Kcal/personne/jour","1172","Fc","Donnée calculée"
"FBS","Bilans Alimentaires","255","Belgique","674","Disponibilité de protéines en quantité (g/personne/jour)","2941","Produits Animaux","2013","2013","g/personne/jour","58.12","Fc","Donnée calculée"
"FBS","Bilans Alimentaires","23","Belize","664","Disponibilité alimentaire (Kcal/personne/jour)","2941","Produits Animaux","2013","2013","Kcal/personne/jour","547","Fc","Donnée calculée"
"FBS","Bilans Alimentaires","23","Belize","674","Disponibilité de protéines en quantité (g/personne/jour)","2941","Produits Animaux","2013","2013","g/personne/jour","28.95","Fc","Donnée calculée"
"FBS","Bilans Alimentaires","53","Bénin","664","Disponibilité alimentaire (Kcal/personne/jour)","2941","Produits Animaux","2013","2013","Kcal/personne/jour","128","Fc","Donnée calculée"
"FBS","Bilans Alimentaires","53","Bénin","674","Disponibilité de protéines en quantité (g/personne/jour)","2941","Produits Animaux","2013","2013","g/personne/jour","14.25","Fc","Donnée calculée"
"FBS","Bilans Alimentaires","17","Bermudes","664","Disponibilité alimentaire (Kcal/personne/jour)","2941","Produits Animaux","2013","2013","Kcal/personne/jour","810","Fc","Donnée calculée"
"FBS","Bilans Alimentaires","17","Bermudes","674","Disponibilité de protéines en quantité (g/personne/jour)","2941","Produits Animaux","2013","2013","g/personne/jour","60.28","Fc","Donnée calculée"
"FBS","Bilans Alimentaires","19","Bolivie (État plurinational de)","664","Disponibilité alimentaire (Kcal/personne/jour)","2941","Produits Animaux","2013","2013","Kcal/personne/jour","461","Fc","Donnée calculée"
"FBS","Bilans Alimentaires","19","Bolivie (État plurinational de)","674","Disponibilité de protéines en quantité (g/personne/jour)","2941","Produits Animaux","2013","2013","g/personne/jour","29.76","Fc","Donnée calculée"
"FBS","Bilans Alimentaires","80","Bosnie-Herzégovine","664","Disponibilité alimentaire (Kcal/personne/jour)","2941","Produits Animaux","2013","2013","Kcal/personne/jour","523","Fc","Donnée calculée"
"FBS","Bilans Alimentaires","80","Bosnie-Herzégovine","674","Disponibilité de protéines en quantité (g/personne/jour)","2941","Produits Animaux","2013","2013","g/personne/jour","30.42","Fc","Donnée calculée"
"FBS","Bilans Alimentaires","20","Botswana","664","Disponibilité alimentaire (Kcal/personne/jour)","2941","Produits Animaux","2013","2013","Kcal/personne/jour","377","Fc","Donnée calculée"
"FBS","Bilans Alimentaires","20","Botswana","674","Disponibilité de protéines en quantité (g/personne/jour)","2941","Produits Animaux","2013","2013","g/personne/jour","26.41","Fc","Donnée calculée"
"FBS","Bilans Alimentaires","21","Brésil","664","Disponibilité alimentaire (Kcal/personne/jour)","2941","Produits Animaux","2013","2013","Kcal/personne/jour","826","Fc","Donnée calculée"
"FBS","Bilans Alimentaires","21","Brésil","674","Disponibilité de protéines en quantité (g/personne/jour)","2941","Produits Animaux","2013","2013","g/personne/jour","52.59","Fc","Donnée calculée"
"FBS","Bilans Alimentaires","26","Brunéi Darussalam","664","Disponibilité alimentaire (Kcal/personne/jour)","2941","Produits Animaux","2013","2013","Kcal/personne/jour","642","Fc","Donnée calculée"
"FBS","Bilans Alimentaires","26","Brunéi Darussalam","674","Disponibilité de protéines en quantité (g/personne/jour)","2941","Produits Animaux","2013","2013","g/personne/jour","52.95","Fc","Donnée calculée"
"FBS","Bilans Alimentaires","27","Bulgarie","664","Disponibilité alimentaire (Kcal/personne/jour)","2941","Produits Animaux","2013","2013","Kcal/personne/jour","681","Fc","Donnée calculée"
"FBS","Bilans Alimentaires","27","Bulgarie","674","Disponibilité de protéines en quantité (g/personne/jour)","2941","Produits Animaux","2013","2013","g/personne/jour","41.3","Fc","Donnée calculée"
"FBS","Bilans Alimentaires","233","Burkina Faso","664","Disponibilité alimentaire (Kcal/personne/jour)","2941","Produits Animaux","2013","2013","Kcal/personne/jour","159","Fc","Donnée calculée"
"FBS","Bilans Alimentaires","233","Burkina Faso","674","Disponibilité de protéines en quantité (g/personne/jour)","2941","Produits Animaux","2013","2013","g/personne/jour","11.07","Fc","Donnée calculée"
"FBS","Bilans Alimentaires","35","Cabo Verde","664","Disponibilité alimentaire (Kcal/personne/jour)","2941","Produits Animaux","2013","2013","Kcal/personne/jour","472","Fc","Donnée calculée"
"FBS","Bilans Alimentaires","35","Cabo Verde","674","Disponibilité de protéines en quantité (g/personne/jour)","2941","Produits Animaux","2013","2013","g/personne/jour","27.93","Fc","Donnée calculée"
"FBS","Bilans Alimentaires","115","Cambodge","664","Disponibilité alimentaire (Kcal/personne/jour)","2941","Produits Animaux","2013","2013","Kcal/personne/jour","210","Fc","Donnée calculée"
"FBS","Bilans Alimentaires","115","Cambodge","674","Disponibilité de protéines en quantité (g/personne/jour)","2941","Produits Animaux","2013","2013","g/personne/jour","19.11","Fc","Donnée calculée"
"FBS","Bilans Alimentaires","32","Cameroun","664","Disponibilité alimentaire (Kcal/personne/jour)","2941","Produits Animaux","2013","2013","Kcal/personne/jour","127","Fc","Donnée calculée"
"FBS","Bilans Alimentaires","32","Cameroun","674","Disponibilité de protéines en quantité (g/personne/jour)","2941","Produits Animaux","2013","2013","g/personne/jour","11.7","Fc","Donnée calculée"
"FBS","Bilans Alimentaires","33","Canada","664","Disponibilité alimentaire (Kcal/personne/jour)","2941","Produits Animaux","2013","2013","Kcal/personne/jour","864","Fc","Donnée calculée"
"FBS","Bilans Alimentaires","33","Canada","674","Disponibilité de protéines en quantité (g/personne/jour)","2941","Produits Animaux","2013","2013","g/personne/jour","54.7","Fc","Donnée calculée"
"FBS","Bilans Alimentaires","40","Chili","664","Disponibilité alimentaire (Kcal/personne/jour)","2941","Produits Animaux","2013","2013","Kcal/personne/jour","754","Fc","Donnée calculée"
"FBS","Bilans Alimentaires","40","Chili","674","Disponibilité de protéines en quantité (g/personne/jour)","2941","Produits Animaux","2013","2013","g/personne/jour","45.27","Fc","Donnée calculée"
"FBS","Bilans Alimentaires","96","Chine - RAS de Hong-Kong","664","Disponibilité alimentaire (Kcal/personne/jour)","2941","Produits Animaux","2013","2013","Kcal/personne/jour","1318","Fc","Donnée calculée"
"FBS","Bilans Alimentaires","96","Chine - RAS de Hong-Kong","674","Disponibilité de protéines en quantité (g/personne/jour)","2941","Produits Animaux","2013","2013","g/personne/jour","94.41","Fc","Donnée calculée"
"FBS","Bilans Alimentaires","128","Chine - RAS de Macao","664","Disponibilité alimentaire (Kcal/personne/jour)","2941","Produits Animaux","2013","2013","Kcal/personne/jour","916","Fc","Donnée calculée"
"FBS","Bilans Alimentaires","128","Chine - RAS de Macao","674","Disponibilité de protéines en quantité (g/personne/jour)","2941","Produits Animaux","2013","2013","g/personne/jour","61.1","Fc","Donnée calculée"
"FBS","Bilans Alimentaires","41","Chine, continentale","664","Disponibilité alimentaire (Kcal/personne/jour)","2941","Produits Animaux","2013","2013","Kcal/personne/jour","724","Fc","Donnée calculée"
"FBS","Bilans Alimentaires","41","Chine, continentale","674","Disponibilité de protéines en quantité (g/personne/jour)","2941","Produits Animaux","2013","2013","g/personne/jour","39.28","Fc","Donnée calculée"
"FBS","Bilans Alimentaires","214","Chine, Taiwan Province de","664","Disponibilité alimentaire (Kcal/personne/jour)","2941","Produits Animaux","2013","2013","Kcal/personne/jour","659","Fc","Donnée calculée"
"FBS","Bilans Alimentaires","214","Chine, Taiwan Province de","674","Disponibilité de protéines en quantité (g/personne/jour)","2941","Produits Animaux","2013","2013","g/personne/jour","43.49","Fc","Donnée calculée"
"FBS","Bilans Alimentaires","50","Chypre","664","Disponibilité alimentaire (Kcal/personne/jour)","2941","Produits Animaux","2013","2013","Kcal/personne/jour","655","Fc","Donnée calculée"
"FBS","Bilans Alimentaires","50","Chypre","674","Disponibilité de protéines en quantité (g/personne/jour)","2941","Produits Animaux","2013","2013","g/personne/jour","45.05","Fc","Donnée calculée"
"FBS","Bilans Alimentaires","44","Colombie","664","Disponibilité alimentaire (Kcal/personne/jour)","2941","Produits Animaux","2013","2013","Kcal/personne/jour","499","Fc","Donnée calculée"
"FBS","Bilans Alimentaires","44","Colombie","674","Disponibilité de protéines en quantité (g/personne/jour)","2941","Produits Animaux","2013","2013","g/personne/jour","33.48","Fc","Donnée calculée"
"FBS","Bilans Alimentaires","46","Congo","664","Disponibilité alimentaire (Kcal/personne/jour)","2941","Produits Animaux","2013","2013","Kcal/personne/jour","185","Fc","Donnée calculée"
"FBS","Bilans Alimentaires","46","Congo","674","Disponibilité de protéines en quantité (g/personne/jour)","2941","Produits Animaux","2013","2013","g/personne/jour","22.25","Fc","Donnée calculée"
"FBS","Bilans Alimentaires","48","Costa Rica","664","Disponibilité alimentaire (Kcal/personne/jour)","2941","Produits Animaux","2013","2013","Kcal/personne/jour","634","Fc","Donnée calculée"
"FBS","Bilans Alimentaires","48","Costa Rica","674","Disponibilité de protéines en quantité (g/personne/jour)","2941","Produits Animaux","2013","2013","g/personne/jour","40.98","Fc","Donnée calculée"
"FBS","Bilans Alimentaires","107","Côte d'Ivoire","664","Disponibilité alimentaire (Kcal/personne/jour)","2941","Produits Animaux","2013","2013","Kcal/personne/jour","114","Fc","Donnée calculée"
"FBS","Bilans Alimentaires","107","Côte d'Ivoire","674","Disponibilité de protéines en quantité (g/personne/jour)","2941","Produits Animaux","2013","2013","g/personne/jour","13.67","Fc","Donnée calculée"
"FBS","Bilans Alimentaires","98","Croatie","664","Disponibilité alimentaire (Kcal/personne/jour)","2941","Produits Animaux","2013","2013","Kcal/personne/jour","820","Fc","Donnée calculée"
"FBS","Bilans Alimentaires","98","Croatie","674","Disponibilité de protéines en quantité (g/personne/jour)","2941","Produits Animaux","2013","2013","g/personne/jour","47.98","Fc","Donnée calculée"
"FBS","Bilans Alimentaires","49","Cuba","664","Disponibilité alimentaire (Kcal/personne/jour)","2941","Produits Animaux","2013","2013","Kcal/personne/jour","496","Fc","Donnée calculée"
"FBS","Bilans Alimentaires","49","Cuba","674","Disponibilité de protéines en quantité (g/personne/jour)","2941","Produits Animaux","2013","2013","g/personne/jour","31.77","Fc","Donnée calculée"
"FBS","Bilans Alimentaires","54","Danemark","664","Disponibilité alimentaire (Kcal/personne/jour)","2941","Produits Animaux","2013","2013","Kcal/personne/jour","1194","Fc","Donnée calculée"
"FBS","Bilans Alimentaires","54","Danemark","674","Disponibilité de protéines en quantité (g/personne/jour)","2941","Produits Animaux","2013","2013","g/personne/jour","69.82","Fc","Donnée calculée"
"FBS","Bilans Alimentaires","72","Djibouti","664","Disponibilité alimentaire (Kcal/personne/jour)","2941","Produits Animaux","2013","2013","Kcal/personne/jour","231","Fc","Donnée calculée"
"FBS","Bilans Alimentaires","72","Djibouti","674","Disponibilité de protéines en quantité (g/personne/jour)","2941","Produits Animaux","2013","2013","g/personne/jour","15.09","Fc","Donnée calculée"
"FBS","Bilans Alimentaires","55","Dominique","664","Disponibilité alimentaire (Kcal/personne/jour)","2941","Produits Animaux","2013","2013","Kcal/personne/jour","579","Fc","Donnée calculée"
"FBS","Bilans Alimentaires","55","Dominique","674","Disponibilité de protéines en quantité (g/personne/jour)","2941","Produits Animaux","2013","2013","g/personne/jour","39.19","Fc","Donnée calculée"
"FBS","Bilans Alimentaires","59","Égypte","664","Disponibilité alimentaire (Kcal/personne/jour)","2941","Produits Animaux","2013","2013","Kcal/personne/jour","330","Fc","Donnée calculée"
"FBS","Bilans Alimentaires","59","Égypte","674","Disponibilité de protéines en quantité (g/personne/jour)","2941","Produits Animaux","2013","2013","g/personne/jour","26.34","Fc","Donnée calculée"
"FBS","Bilans Alimentaires","60","El Salvador","664","Disponibilité alimentaire (Kcal/personne/jour)","2941","Produits Animaux","2013","2013","Kcal/personne/jour","432","Fc","Donnée calculée"
"FBS","Bilans Alimentaires","60","El Salvador","674","Disponibilité de protéines en quantité (g/personne/jour)","2941","Produits Animaux","2013","2013","g/personne/jour","25.25","Fc","Donnée calculée"
"FBS","Bilans Alimentaires","225","Émirats arabes unis","664","Disponibilité alimentaire (Kcal/personne/jour)","2941","Produits Animaux","2013","2013","Kcal/personne/jour","559","Fc","Donnée calculée"
"FBS","Bilans Alimentaires","225","Émirats arabes unis","674","Disponibilité de protéines en quantité (g/personne/jour)","2941","Produits Animaux","2013","2013","g/personne/jour","41.7","Fc","Donnée calculée"
"FBS","Bilans Alimentaires","58","Équateur","664","Disponibilité alimentaire (Kcal/personne/jour)","2941","Produits Animaux","2013","2013","Kcal/personne/jour","615","Fc","Donnée calculée"
"FBS","Bilans Alimentaires","58","Équateur","674","Disponibilité de protéines en quantité (g/personne/jour)","2941","Produits Animaux","2013","2013","g/personne/jour","36.53","Fc","Donnée calculée"
"FBS","Bilans Alimentaires","203","Espagne","664","Disponibilité alimentaire (Kcal/personne/jour)","2941","Produits Animaux","2013","2013","Kcal/personne/jour","819","Fc","Donnée calculée"
"FBS","Bilans Alimentaires","203","Espagne","674","Disponibilité de protéines en quantité (g/personne/jour)","2941","Produits Animaux","2013","2013","g/personne/jour","65.15","Fc","Donnée calculée"
"FBS","Bilans Alimentaires","63","Estonie","664","Disponibilité alimentaire (Kcal/personne/jour)","2941","Produits Animaux","2013","2013","Kcal/personne/jour","801","Fc","Donnée calculée"
"FBS","Bilans Alimentaires","63","Estonie","674","Disponibilité de protéines en quantité (g/personne/jour)","2941","Produits Animaux","2013","2013","g/personne/jour","53.24","Fc","Donnée calculée"
"FBS","Bilans Alimentaires","231","États-Unis d'Amérique","664","Disponibilité alimentaire (Kcal/personne/jour)","2941","Produits Animaux","2013","2013","Kcal/personne/jour","984","Fc","Donnée calculée"
"FBS","Bilans Alimentaires","231","États-Unis d'Amérique","674","Disponibilité de protéines en quantité (g/personne/jour)","2941","Produits Animaux","2013","2013","g/personne/jour","69.78","Fc","Donnée calculée"
"FBS","Bilans Alimentaires","238","Éthiopie","664","Disponibilité alimentaire (Kcal/personne/jour)","2941","Produits Animaux","2013","2013","Kcal/personne/jour","126","Fc","Donnée calculée"
"FBS","Bilans Alimentaires","238","Éthiopie","674","Disponibilité de protéines en quantité (g/personne/jour)","2941","Produits Animaux","2013","2013","g/personne/jour","7.69","Fc","Donnée calculée"
"FBS","Bilans Alimentaires","185","Fédération de Russie","664","Disponibilité alimentaire (Kcal/personne/jour)","2941","Produits Animaux","2013","2013","Kcal/personne/jour","843","Fc","Donnée calculée"
"FBS","Bilans Alimentaires","185","Fédération de Russie","674","Disponibilité de protéines en quantité (g/personne/jour)","2941","Produits Animaux","2013","2013","g/personne/jour","56.18","Fc","Donnée calculée"
"FBS","Bilans Alimentaires","66","Fidji","664","Disponibilité alimentaire (Kcal/personne/jour)","2941","Produits Animaux","2013","2013","Kcal/personne/jour","514","Fc","Donnée calculée"
"FBS","Bilans Alimentaires","66","Fidji","674","Disponibilité de protéines en quantité (g/personne/jour)","2941","Produits Animaux","2013","2013","g/personne/jour","31.37","Fc","Donnée calculée"
"FBS","Bilans Alimentaires","67","Finlande","664","Disponibilité alimentaire (Kcal/personne/jour)","2941","Produits Animaux","2013","2013","Kcal/personne/jour","1314","Fc","Donnée calculée"
"FBS","Bilans Alimentaires","67","Finlande","674","Disponibilité de protéines en quantité (g/personne/jour)","2941","Produits Animaux","2013","2013","g/personne/jour","73.03","Fc","Donnée calculée"
"FBS","Bilans Alimentaires","68","France","664","Disponibilité alimentaire (Kcal/personne/jour)","2941","Produits Animaux","2013","2013","Kcal/personne/jour","1181","Fc","Donnée calculée"
"FBS","Bilans Alimentaires","68","France","674","Disponibilité de protéines en quantité (g/personne/jour)","2941","Produits Animaux","2013","2013","g/personne/jour","69.35","Fc","Donnée calculée"
"FBS","Bilans Alimentaires","74","Gabon","664","Disponibilité alimentaire (Kcal/personne/jour)","2941","Produits Animaux","2013","2013","Kcal/personne/jour","415","Fc","Donnée calculée"
"FBS","Bilans Alimentaires","74","Gabon","674","Disponibilité de protéines en quantité (g/personne/jour)","2941","Produits Animaux","2013","2013","g/personne/jour","43.03","Fc","Donnée calculée"
"FBS","Bilans Alimentaires","75","Gambie","664","Disponibilité alimentaire (Kcal/personne/jour)","2941","Produits Animaux","2013","2013","Kcal/personne/jour","166","Fc","Donnée calculée"
"FBS","Bilans Alimentaires","75","Gambie","674","Disponibilité de protéines en quantité (g/personne/jour)","2941","Produits Animaux","2013","2013","g/personne/jour","14.1","Fc","Donnée calculée"
"FBS","Bilans Alimentaires","73","Géorgie","664","Disponibilité alimentaire (Kcal/personne/jour)","2941","Produits Animaux","2013","2013","Kcal/personne/jour","501","Fc","Donnée calculée"
"FBS","Bilans Alimentaires","73","Géorgie","674","Disponibilité de protéines en quantité (g/personne/jour)","2941","Produits Animaux","2013","2013","g/personne/jour","28.82","Fc","Donnée calculée"
"FBS","Bilans Alimentaires","81","Ghana","664","Disponibilité alimentaire (Kcal/personne/jour)","2941","Produits Animaux","2013","2013","Kcal/personne/jour","141","Fc","Donnée calculée"
"FBS","Bilans Alimentaires","81","Ghana","674","Disponibilité de protéines en quantité (g/personne/jour)","2941","Produits Animaux","2013","2013","g/personne/jour","17.22","Fc","Donnée calculée"
"FBS","Bilans Alimentaires","84","Grèce","664","Disponibilité alimentaire (Kcal/personne/jour)","2941","Produits Animaux","2013","2013","Kcal/personne/jour","802","Fc","Donnée calculée"
"FBS","Bilans Alimentaires","84","Grèce","674","Disponibilité de protéines en quantité (g/personne/jour)","2941","Produits Animaux","2013","2013","g/personne/jour","59.24","Fc","Donnée calculée"
"FBS","Bilans Alimentaires","86","Grenade","664","Disponibilité alimentaire (Kcal/personne/jour)","2941","Produits Animaux","2013","2013","Kcal/personne/jour","578","Fc","Donnée calculée"
"FBS","Bilans Alimentaires","86","Grenade","674","Disponibilité de protéines en quantité (g/personne/jour)","2941","Produits Animaux","2013","2013","g/personne/jour","41.59","Fc","Donnée calculée"
"FBS","Bilans Alimentaires","89","Guatemala","664","Disponibilité alimentaire (Kcal/personne/jour)","2941","Produits Animaux","2013","2013","Kcal/personne/jour","254","Fc","Donnée calculée"
"FBS","Bilans Alimentaires","89","Guatemala","674","Disponibilité de protéines en quantité (g/personne/jour)","2941","Produits Animaux","2013","2013","g/personne/jour","17.83","Fc","Donnée calculée"
"FBS","Bilans Alimentaires","90","Guinée","664","Disponibilité alimentaire (Kcal/personne/jour)","2941","Produits Animaux","2013","2013","Kcal/personne/jour","118","Fc","Donnée calculée"
"FBS","Bilans Alimentaires","90","Guinée","674","Disponibilité de protéines en quantité (g/personne/jour)","2941","Produits Animaux","2013","2013","g/personne/jour","9.94","Fc","Donnée calculée"
"FBS","Bilans Alimentaires","175","Guinée-Bissau","664","Disponibilité alimentaire (Kcal/personne/jour)","2941","Produits Animaux","2013","2013","Kcal/personne/jour","169","Fc","Donnée calculée"
"FBS","Bilans Alimentaires","175","Guinée-Bissau","674","Disponibilité de protéines en quantité (g/personne/jour)","2941","Produits Animaux","2013","2013","g/personne/jour","8.89","Fc","Donnée calculée"
"FBS","Bilans Alimentaires","91","Guyana","664","Disponibilité alimentaire (Kcal/personne/jour)","2941","Produits Animaux","2013","2013","Kcal/personne/jour","470","Fc","Donnée calculée"
"FBS","Bilans Alimentaires","91","Guyana","674","Disponibilité de protéines en quantité (g/personne/jour)","2941","Produits Animaux","2013","2013","g/personne/jour","36.07","Fc","Donnée calculée"
"FBS","Bilans Alimentaires","93","Haïti","664","Disponibilité alimentaire (Kcal/personne/jour)","2941","Produits Animaux","2013","2013","Kcal/personne/jour","155","Fc","Donnée calculée"
"FBS","Bilans Alimentaires","93","Haïti","674","Disponibilité de protéines en quantité (g/personne/jour)","2941","Produits Animaux","2013","2013","g/personne/jour","10.15","Fc","Donnée calculée"
"FBS","Bilans Alimentaires","95","Honduras","664","Disponibilité alimentaire (Kcal/personne/jour)","2941","Produits Animaux","2013","2013","Kcal/personne/jour","364","Fc","Donnée calculée"
"FBS","Bilans Alimentaires","95","Honduras","674","Disponibilité de protéines en quantité (g/personne/jour)","2941","Produits Animaux","2013","2013","g/personne/jour","23.2","Fc","Donnée calculée"
"FBS","Bilans Alimentaires","97","Hongrie","664","Disponibilité alimentaire (Kcal/personne/jour)","2941","Produits Animaux","2013","2013","Kcal/personne/jour","886","Fc","Donnée calculée"
"FBS","Bilans Alimentaires","97","Hongrie","674","Disponibilité de protéines en quantité (g/personne/jour)","2941","Produits Animaux","2013","2013","g/personne/jour","42.1","Fc","Donnée calculée"
"FBS","Bilans Alimentaires","25","Îles Salomon","664","Disponibilité alimentaire (Kcal/personne/jour)","2941","Produits Animaux","2013","2013","Kcal/personne/jour","198","Fc","Donnée calculée"
"FBS","Bilans Alimentaires","25","Îles Salomon","674","Disponibilité de protéines en quantité (g/personne/jour)","2941","Produits Animaux","2013","2013","g/personne/jour","17.47","Fc","Donnée calculée"
"FBS","Bilans Alimentaires","100","Inde","664","Disponibilité alimentaire (Kcal/personne/jour)","2941","Produits Animaux","2013","2013","Kcal/personne/jour","235","Fc","Donnée calculée"
"FBS","Bilans Alimentaires","100","Inde","674","Disponibilité de protéines en quantité (g/personne/jour)","2941","Produits Animaux","2013","2013","g/personne/jour","11.99","Fc","Donnée calculée"
"FBS","Bilans Alimentaires","101","Indonésie","664","Disponibilité alimentaire (Kcal/personne/jour)","2941","Produits Animaux","2013","2013","Kcal/personne/jour","182","Fc","Donnée calculée"
"FBS","Bilans Alimentaires","101","Indonésie","674","Disponibilité de protéines en quantité (g/personne/jour)","2941","Produits Animaux","2013","2013","g/personne/jour","17.71","Fc","Donnée calculée"
"FBS","Bilans Alimentaires","102","Iran (République islamique d')","664","Disponibilité alimentaire (Kcal/personne/jour)","2941","Produits Animaux","2013","2013","Kcal/personne/jour","306","Fc","Donnée calculée"
"FBS","Bilans Alimentaires","102","Iran (République islamique d')","674","Disponibilité de protéines en quantité (g/personne/jour)","2941","Produits Animaux","2013","2013","g/personne/jour","22.22","Fc","Donnée calculée"
"FBS","Bilans Alimentaires","103","Iraq","664","Disponibilité alimentaire (Kcal/personne/jour)","2941","Produits Animaux","2013","2013","Kcal/personne/jour","167","Fc","Donnée calculée"
"FBS","Bilans Alimentaires","103","Iraq","674","Disponibilité de protéines en quantité (g/personne/jour)","2941","Produits Animaux","2013","2013","g/personne/jour","13.18","Fc","Donnée calculée"
"FBS","Bilans Alimentaires","104","Irlande","664","Disponibilité alimentaire (Kcal/personne/jour)","2941","Produits Animaux","2013","2013","Kcal/personne/jour","1004","Fc","Donnée calculée"
"FBS","Bilans Alimentaires","104","Irlande","674","Disponibilité de protéines en quantité (g/personne/jour)","2941","Produits Animaux","2013","2013","g/personne/jour","64.82","Fc","Donnée calculée"
"FBS","Bilans Alimentaires","99","Islande","664","Disponibilité alimentaire (Kcal/personne/jour)","2941","Produits Animaux","2013","2013","Kcal/personne/jour","1496","Fc","Donnée calculée"
"FBS","Bilans Alimentaires","99","Islande","674","Disponibilité de protéines en quantité (g/personne/jour)","2941","Produits Animaux","2013","2013","g/personne/jour","96.48","Fc","Donnée calculée"
"FBS","Bilans Alimentaires","105","Israël","664","Disponibilité alimentaire (Kcal/personne/jour)","2941","Produits Animaux","2013","2013","Kcal/personne/jour","817","Fc","Donnée calculée"
"FBS","Bilans Alimentaires","105","Israël","674","Disponibilité de protéines en quantité (g/personne/jour)","2941","Produits Animaux","2013","2013","g/personne/jour","72.47","Fc","Donnée calculée"
"FBS","Bilans Alimentaires","106","Italie","664","Disponibilité alimentaire (Kcal/personne/jour)","2941","Produits Animaux","2013","2013","Kcal/personne/jour","901","Fc","Donnée calculée"
"FBS","Bilans Alimentaires","106","Italie","674","Disponibilité de protéines en quantité (g/personne/jour)","2941","Produits Animaux","2013","2013","g/personne/jour","58.24","Fc","Donnée calculée"
"FBS","Bilans Alimentaires","109","Jamaïque","664","Disponibilité alimentaire (Kcal/personne/jour)","2941","Produits Animaux","2013","2013","Kcal/personne/jour","512","Fc","Donnée calculée"
"FBS","Bilans Alimentaires","109","Jamaïque","674","Disponibilité de protéines en quantité (g/personne/jour)","2941","Produits Animaux","2013","2013","g/personne/jour","37.11","Fc","Donnée calculée"
"FBS","Bilans Alimentaires","110","Japon","664","Disponibilité alimentaire (Kcal/personne/jour)","2941","Produits Animaux","2013","2013","Kcal/personne/jour","547","Fc","Donnée calculée"
"FBS","Bilans Alimentaires","110","Japon","674","Disponibilité de protéines en quantité (g/personne/jour)","2941","Produits Animaux","2013","2013","g/personne/jour","48.46","Fc","Donnée calculée"
"FBS","Bilans Alimentaires","112","Jordanie","664","Disponibilité alimentaire (Kcal/personne/jour)","2941","Produits Animaux","2013","2013","Kcal/personne/jour","353","Fc","Donnée calculée"
"FBS","Bilans Alimentaires","112","Jordanie","674","Disponibilité de protéines en quantité (g/personne/jour)","2941","Produits Animaux","2013","2013","g/personne/jour","27.18","Fc","Donnée calculée"
"FBS","Bilans Alimentaires","108","Kazakhstan","664","Disponibilité alimentaire (Kcal/personne/jour)","2941","Produits Animaux","2013","2013","Kcal/personne/jour","931","Fc","Donnée calculée"
"FBS","Bilans Alimentaires","108","Kazakhstan","674","Disponibilité de protéines en quantité (g/personne/jour)","2941","Produits Animaux","2013","2013","g/personne/jour","57.06","Fc","Donnée calculée"
"FBS","Bilans Alimentaires","114","Kenya","664","Disponibilité alimentaire (Kcal/personne/jour)","2941","Produits Animaux","2013","2013","Kcal/personne/jour","275","Fc","Donnée calculée"
"FBS","Bilans Alimentaires","114","Kenya","674","Disponibilité de protéines en quantité (g/personne/jour)","2941","Produits Animaux","2013","2013","g/personne/jour","15.9","Fc","Donnée calculée"
"FBS","Bilans Alimentaires","113","Kirghizistan","664","Disponibilité alimentaire (Kcal/personne/jour)","2941","Produits Animaux","2013","2013","Kcal/personne/jour","617","Fc","Donnée calculée"
"FBS","Bilans Alimentaires","113","Kirghizistan","674","Disponibilité de protéines en quantité (g/personne/jour)","2941","Produits Animaux","2013","2013","g/personne/jour","35.04","Fc","Donnée calculée"
"FBS","Bilans Alimentaires","83","Kiribati","664","Disponibilité alimentaire (Kcal/personne/jour)","2941","Produits Animaux","2013","2013","Kcal/personne/jour","355","Fc","Donnée calculée"
"FBS","Bilans Alimentaires","83","Kiribati","674","Disponibilité de protéines en quantité (g/personne/jour)","2941","Produits Animaux","2013","2013","g/personne/jour","35.3","Fc","Donnée calculée"
"FBS","Bilans Alimentaires","118","Koweït","664","Disponibilité alimentaire (Kcal/personne/jour)","2941","Produits Animaux","2013","2013","Kcal/personne/jour","706","Fc","Donnée calculée"
"FBS","Bilans Alimentaires","118","Koweït","674","Disponibilité de protéines en quantité (g/personne/jour)","2941","Produits Animaux","2013","2013","g/personne/jour","53.58","Fc","Donnée calculée"
"FBS","Bilans Alimentaires","122","Lesotho","664","Disponibilité alimentaire (Kcal/personne/jour)","2941","Produits Animaux","2013","2013","Kcal/personne/jour","166","Fc","Donnée calculée"
"FBS","Bilans Alimentaires","122","Lesotho","674","Disponibilité de protéines en quantité (g/personne/jour)","2941","Produits Animaux","2013","2013","g/personne/jour","12.78","Fc","Donnée calculée"
"FBS","Bilans Alimentaires","119","Lettonie","664","Disponibilité alimentaire (Kcal/personne/jour)","2941","Produits Animaux","2013","2013","Kcal/personne/jour","906","Fc","Donnée calculée"
"FBS","Bilans Alimentaires","119","Lettonie","674","Disponibilité de protéines en quantité (g/personne/jour)","2941","Produits Animaux","2013","2013","g/personne/jour","50.97","Fc","Donnée calculée"
"FBS","Bilans Alimentaires","154","l'ex-République yougoslave de Macédoine","664","Disponibilité alimentaire (Kcal/personne/jour)","2941","Produits Animaux","2013","2013","Kcal/personne/jour","550","Fc","Donnée calculée"
"FBS","Bilans Alimentaires","154","l'ex-République yougoslave de Macédoine","674","Disponibilité de protéines en quantité (g/personne/jour)","2941","Produits Animaux","2013","2013","g/personne/jour","32.25","Fc","Donnée calculée"
"FBS","Bilans Alimentaires","121","Liban","664","Disponibilité alimentaire (Kcal/personne/jour)","2941","Produits Animaux","2013","2013","Kcal/personne/jour","427","Fc","Donnée calculée"
"FBS","Bilans Alimentaires","121","Liban","674","Disponibilité de protéines en quantité (g/personne/jour)","2941","Produits Animaux","2013","2013","g/personne/jour","29.32","Fc","Donnée calculée"
"FBS","Bilans Alimentaires","123","Libéria","664","Disponibilité alimentaire (Kcal/personne/jour)","2941","Produits Animaux","2013","2013","Kcal/personne/jour","100","Fc","Donnée calculée"
"FBS","Bilans Alimentaires","123","Libéria","674","Disponibilité de protéines en quantité (g/personne/jour)","2941","Produits Animaux","2013","2013","g/personne/jour","8.14","Fc","Donnée calculée"
"FBS","Bilans Alimentaires","126","Lituanie","664","Disponibilité alimentaire (Kcal/personne/jour)","2941","Produits Animaux","2013","2013","Kcal/personne/jour","983","Fc","Donnée calculée"
"FBS","Bilans Alimentaires","126","Lituanie","674","Disponibilité de protéines en quantité (g/personne/jour)","2941","Produits Animaux","2013","2013","g/personne/jour","76.49","Fc","Donnée calculée"
"FBS","Bilans Alimentaires","256","Luxembourg","664","Disponibilité alimentaire (Kcal/personne/jour)","2941","Produits Animaux","2013","2013","Kcal/personne/jour","1173","Fc","Donnée calculée"
"FBS","Bilans Alimentaires","256","Luxembourg","674","Disponibilité de protéines en quantité (g/personne/jour)","2941","Produits Animaux","2013","2013","g/personne/jour","72.12","Fc","Donnée calculée"
"FBS","Bilans Alimentaires","129","Madagascar","664","Disponibilité alimentaire (Kcal/personne/jour)","2941","Produits Animaux","2013","2013","Kcal/personne/jour","148","Fc","Donnée calculée"
"FBS","Bilans Alimentaires","129","Madagascar","674","Disponibilité de protéines en quantité (g/personne/jour)","2941","Produits Animaux","2013","2013","g/personne/jour","10.02","Fc","Donnée calculée"
"FBS","Bilans Alimentaires","131","Malaisie","664","Disponibilité alimentaire (Kcal/personne/jour)","2941","Produits Animaux","2013","2013","Kcal/personne/jour","535","Fc","Donnée calculée"
"FBS","Bilans Alimentaires","131","Malaisie","674","Disponibilité de protéines en quantité (g/personne/jour)","2941","Produits Animaux","2013","2013","g/personne/jour","45.4","Fc","Donnée calculée"
"FBS","Bilans Alimentaires","130","Malawi","664","Disponibilité alimentaire (Kcal/personne/jour)","2941","Produits Animaux","2013","2013","Kcal/personne/jour","139","Fc","Donnée calculée"
"FBS","Bilans Alimentaires","130","Malawi","674","Disponibilité de protéines en quantité (g/personne/jour)","2941","Produits Animaux","2013","2013","g/personne/jour","7.79","Fc","Donnée calculée"
"FBS","Bilans Alimentaires","132","Maldives","664","Disponibilité alimentaire (Kcal/personne/jour)","2941","Produits Animaux","2013","2013","Kcal/personne/jour","820","Fc","Donnée calculée"
"FBS","Bilans Alimentaires","132","Maldives","674","Disponibilité de protéines en quantité (g/personne/jour)","2941","Produits Animaux","2013","2013","g/personne/jour","85.96","Fc","Donnée calculée"
"FBS","Bilans Alimentaires","133","Mali","664","Disponibilité alimentaire (Kcal/personne/jour)","2941","Produits Animaux","2013","2013","Kcal/personne/jour","368","Fc","Donnée calculée"
"FBS","Bilans Alimentaires","133","Mali","674","Disponibilité de protéines en quantité (g/personne/jour)","2941","Produits Animaux","2013","2013","g/personne/jour","23.69","Fc","Donnée calculée"
"FBS","Bilans Alimentaires","134","Malte","664","Disponibilité alimentaire (Kcal/personne/jour)","2941","Produits Animaux","2013","2013","Kcal/personne/jour","928","Fc","Donnée calculée"
"FBS","Bilans Alimentaires","134","Malte","674","Disponibilité de protéines en quantité (g/personne/jour)","2941","Produits Animaux","2013","2013","g/personne/jour","61.74","Fc","Donnée calculée"
"FBS","Bilans Alimentaires","143","Maroc","664","Disponibilité alimentaire (Kcal/personne/jour)","2941","Produits Animaux","2013","2013","Kcal/personne/jour","330","Fc","Donnée calculée"
"FBS","Bilans Alimentaires","143","Maroc","674","Disponibilité de protéines en quantité (g/personne/jour)","2941","Produits Animaux","2013","2013","g/personne/jour","26.64","Fc","Donnée calculée"
"FBS","Bilans Alimentaires","137","Maurice","664","Disponibilité alimentaire (Kcal/personne/jour)","2941","Produits Animaux","2013","2013","Kcal/personne/jour","453","Fc","Donnée calculée"
"FBS","Bilans Alimentaires","137","Maurice","674","Disponibilité de protéines en quantité (g/personne/jour)","2941","Produits Animaux","2013","2013","g/personne/jour","39.82","Fc","Donnée calculée"
"FBS","Bilans Alimentaires","136","Mauritanie","664","Disponibilité alimentaire (Kcal/personne/jour)","2941","Produits Animaux","2013","2013","Kcal/personne/jour","490","Fc","Donnée calculée"
"FBS","Bilans Alimentaires","136","Mauritanie","674","Disponibilité de protéines en quantité (g/personne/jour)","2941","Produits Animaux","2013","2013","g/personne/jour","33.87","Fc","Donnée calculée"
"FBS","Bilans Alimentaires","138","Mexique","664","Disponibilité alimentaire (Kcal/personne/jour)","2941","Produits Animaux","2013","2013","Kcal/personne/jour","629","Fc","Donnée calculée"
"FBS","Bilans Alimentaires","138","Mexique","674","Disponibilité de protéines en quantité (g/personne/jour)","2941","Produits Animaux","2013","2013","g/personne/jour","40.66","Fc","Donnée calculée"
"FBS","Bilans Alimentaires","141","Mongolie","664","Disponibilité alimentaire (Kcal/personne/jour)","2941","Produits Animaux","2013","2013","Kcal/personne/jour","830","Fc","Donnée calculée"
"FBS","Bilans Alimentaires","141","Mongolie","674","Disponibilité de protéines en quantité (g/personne/jour)","2941","Produits Animaux","2013","2013","g/personne/jour","48.53","Fc","Donnée calculée"
"FBS","Bilans Alimentaires","273","Monténégro","664","Disponibilité alimentaire (Kcal/personne/jour)","2941","Produits Animaux","2013","2013","Kcal/personne/jour","1123","Fc","Donnée calculée"
"FBS","Bilans Alimentaires","273","Monténégro","674","Disponibilité de protéines en quantité (g/personne/jour)","2941","Produits Animaux","2013","2013","g/personne/jour","63.11","Fc","Donnée calculée"
"FBS","Bilans Alimentaires","144","Mozambique","664","Disponibilité alimentaire (Kcal/personne/jour)","2941","Produits Animaux","2013","2013","Kcal/personne/jour","105","Fc","Donnée calculée"
"FBS","Bilans Alimentaires","144","Mozambique","674","Disponibilité de protéines en quantité (g/personne/jour)","2941","Produits Animaux","2013","2013","g/personne/jour","6.35","Fc","Donnée calculée"
"FBS","Bilans Alimentaires","28","Myanmar","664","Disponibilité alimentaire (Kcal/personne/jour)","2941","Produits Animaux","2013","2013","Kcal/personne/jour","428","Fc","Donnée calculée"
"FBS","Bilans Alimentaires","28","Myanmar","674","Disponibilité de protéines en quantité (g/personne/jour)","2941","Produits Animaux","2013","2013","g/personne/jour","33.71","Fc","Donnée calculée"
"FBS","Bilans Alimentaires","147","Namibie","664","Disponibilité alimentaire (Kcal/personne/jour)","2941","Produits Animaux","2013","2013","Kcal/personne/jour","289","Fc","Donnée calculée"
"FBS","Bilans Alimentaires","147","Namibie","674","Disponibilité de protéines en quantité (g/personne/jour)","2941","Produits Animaux","2013","2013","g/personne/jour","19.55","Fc","Donnée calculée"
"FBS","Bilans Alimentaires","149","Népal","664","Disponibilité alimentaire (Kcal/personne/jour)","2941","Produits Animaux","2013","2013","Kcal/personne/jour","206","Fc","Donnée calculée"
"FBS","Bilans Alimentaires","149","Népal","674","Disponibilité de protéines en quantité (g/personne/jour)","2941","Produits Animaux","2013","2013","g/personne/jour","11.46","Fc","Donnée calculée"
"FBS","Bilans Alimentaires","157","Nicaragua","664","Disponibilité alimentaire (Kcal/personne/jour)","2941","Produits Animaux","2013","2013","Kcal/personne/jour","326","Fc","Donnée calculée"
"FBS","Bilans Alimentaires","157","Nicaragua","674","Disponibilité de protéines en quantité (g/personne/jour)","2941","Produits Animaux","2013","2013","g/personne/jour","21.2","Fc","Donnée calculée"
"FBS","Bilans Alimentaires","158","Niger","664","Disponibilité alimentaire (Kcal/personne/jour)","2941","Produits Animaux","2013","2013","Kcal/personne/jour","203","Fc","Donnée calculée"
"FBS","Bilans Alimentaires","158","Niger","674","Disponibilité de protéines en quantité (g/personne/jour)","2941","Produits Animaux","2013","2013","g/personne/jour","14.73","Fc","Donnée calculée"
"FBS","Bilans Alimentaires","159","Nigéria","664","Disponibilité alimentaire (Kcal/personne/jour)","2941","Produits Animaux","2013","2013","Kcal/personne/jour","103","Fc","Donnée calculée"
"FBS","Bilans Alimentaires","159","Nigéria","674","Disponibilité de protéines en quantité (g/personne/jour)","2941","Produits Animaux","2013","2013","g/personne/jour","9.85","Fc","Donnée calculée"
"FBS","Bilans Alimentaires","162","Norvège","664","Disponibilité alimentaire (Kcal/personne/jour)","2941","Produits Animaux","2013","2013","Kcal/personne/jour","1104","Fc","Donnée calculée"
"FBS","Bilans Alimentaires","162","Norvège","674","Disponibilité de protéines en quantité (g/personne/jour)","2941","Produits Animaux","2013","2013","g/personne/jour","65.99","Fc","Donnée calculée"
"FBS","Bilans Alimentaires","153","Nouvelle-Calédonie","664","Disponibilité alimentaire (Kcal/personne/jour)","2941","Produits Animaux","2013","2013","Kcal/personne/jour","793","Fc","Donnée calculée"
"FBS","Bilans Alimentaires","153","Nouvelle-Calédonie","674","Disponibilité de protéines en quantité (g/personne/jour)","2941","Produits Animaux","2013","2013","g/personne/jour","52.31","Fc","Donnée calculée"
"FBS","Bilans Alimentaires","156","Nouvelle-Zélande","664","Disponibilité alimentaire (Kcal/personne/jour)","2941","Produits Animaux","2013","2013","Kcal/personne/jour","984","Fc","Donnée calculée"
"FBS","Bilans Alimentaires","156","Nouvelle-Zélande","674","Disponibilité de protéines en quantité (g/personne/jour)","2941","Produits Animaux","2013","2013","g/personne/jour","54.81","Fc","Donnée calculée"
"FBS","Bilans Alimentaires","221","Oman","664","Disponibilité alimentaire (Kcal/personne/jour)","2941","Produits Animaux","2013","2013","Kcal/personne/jour","644","Fc","Donnée calculée"
"FBS","Bilans Alimentaires","221","Oman","674","Disponibilité de protéines en quantité (g/personne/jour)","2941","Produits Animaux","2013","2013","g/personne/jour","45.69","Fc","Donnée calculée"
"FBS","Bilans Alimentaires","226","Ouganda","664","Disponibilité alimentaire (Kcal/personne/jour)","2941","Produits Animaux","2013","2013","Kcal/personne/jour","182","Fc","Donnée calculée"
"FBS","Bilans Alimentaires","226","Ouganda","674","Disponibilité de protéines en quantité (g/personne/jour)","2941","Produits Animaux","2013","2013","g/personne/jour","12.39","Fc","Donnée calculée"
"FBS","Bilans Alimentaires","235","Ouzbékistan","664","Disponibilité alimentaire (Kcal/personne/jour)","2941","Produits Animaux","2013","2013","Kcal/personne/jour","507","Fc","Donnée calculée"
"FBS","Bilans Alimentaires","235","Ouzbékistan","674","Disponibilité de protéines en quantité (g/personne/jour)","2941","Produits Animaux","2013","2013","g/personne/jour","29.19","Fc","Donnée calculée"
"FBS","Bilans Alimentaires","165","Pakistan","664","Disponibilité alimentaire (Kcal/personne/jour)","2941","Produits Animaux","2013","2013","Kcal/personne/jour","530","Fc","Donnée calculée"
"FBS","Bilans Alimentaires","165","Pakistan","674","Disponibilité de protéines en quantité (g/personne/jour)","2941","Produits Animaux","2013","2013","g/personne/jour","27.26","Fc","Donnée calculée"
"FBS","Bilans Alimentaires","166","Panama","664","Disponibilité alimentaire (Kcal/personne/jour)","2941","Produits Animaux","2013","2013","Kcal/personne/jour","586","Fc","Donnée calculée"
"FBS","Bilans Alimentaires","166","Panama","674","Disponibilité de protéines en quantité (g/personne/jour)","2941","Produits Animaux","2013","2013","g/personne/jour","41.65","Fc","Donnée calculée"
"FBS","Bilans Alimentaires","169","Paraguay","664","Disponibilité alimentaire (Kcal/personne/jour)","2941","Produits Animaux","2013","2013","Kcal/personne/jour","554","Fc","Donnée calculée"
"FBS","Bilans Alimentaires","169","Paraguay","674","Disponibilité de protéines en quantité (g/personne/jour)","2941","Produits Animaux","2013","2013","g/personne/jour","34.18","Fc","Donnée calculée"
"FBS","Bilans Alimentaires","150","Pays-Bas","664","Disponibilité alimentaire (Kcal/personne/jour)","2941","Produits Animaux","2013","2013","Kcal/personne/jour","1076","Fc","Donnée calculée"
"FBS","Bilans Alimentaires","150","Pays-Bas","674","Disponibilité de protéines en quantité (g/personne/jour)","2941","Produits Animaux","2013","2013","g/personne/jour","75.77","Fc","Donnée calculée"
"FBS","Bilans Alimentaires","170","Pérou","664","Disponibilité alimentaire (Kcal/personne/jour)","2941","Produits Animaux","2013","2013","Kcal/personne/jour","307","Fc","Donnée calculée"
"FBS","Bilans Alimentaires","170","Pérou","674","Disponibilité de protéines en quantité (g/personne/jour)","2941","Produits Animaux","2013","2013","g/personne/jour","27.04","Fc","Donnée calculée"
"FBS","Bilans Alimentaires","171","Philippines","664","Disponibilité alimentaire (Kcal/personne/jour)","2941","Produits Animaux","2013","2013","Kcal/personne/jour","388","Fc","Donnée calculée"
"FBS","Bilans Alimentaires","171","Philippines","674","Disponibilité de protéines en quantité (g/personne/jour)","2941","Produits Animaux","2013","2013","g/personne/jour","24.85","Fc","Donnée calculée"
"FBS","Bilans Alimentaires","173","Pologne","664","Disponibilité alimentaire (Kcal/personne/jour)","2941","Produits Animaux","2013","2013","Kcal/personne/jour","917","Fc","Donnée calculée"
"FBS","Bilans Alimentaires","173","Pologne","674","Disponibilité de protéines en quantité (g/personne/jour)","2941","Produits Animaux","2013","2013","g/personne/jour","53.27","Fc","Donnée calculée"
"FBS","Bilans Alimentaires","70","Polynésie française","664","Disponibilité alimentaire (Kcal/personne/jour)","2941","Produits Animaux","2013","2013","Kcal/personne/jour","863","Fc","Donnée calculée"
"FBS","Bilans Alimentaires","70","Polynésie française","674","Disponibilité de protéines en quantité (g/personne/jour)","2941","Produits Animaux","2013","2013","g/personne/jour","63.81","Fc","Donnée calculée"
"FBS","Bilans Alimentaires","174","Portugal","664","Disponibilité alimentaire (Kcal/personne/jour)","2941","Produits Animaux","2013","2013","Kcal/personne/jour","1004","Fc","Donnée calculée"
"FBS","Bilans Alimentaires","174","Portugal","674","Disponibilité de protéines en quantité (g/personne/jour)","2941","Produits Animaux","2013","2013","g/personne/jour","67.28","Fc","Donnée calculée"
"FBS","Bilans Alimentaires","37","République centrafricaine","664","Disponibilité alimentaire (Kcal/personne/jour)","2941","Produits Animaux","2013","2013","Kcal/personne/jour","206","Fc","Donnée calculée"
"FBS","Bilans Alimentaires","37","République centrafricaine","674","Disponibilité de protéines en quantité (g/personne/jour)","2941","Produits Animaux","2013","2013","g/personne/jour","17.13","Fc","Donnée calculée"
"FBS","Bilans Alimentaires","117","République de Corée","664","Disponibilité alimentaire (Kcal/personne/jour)","2941","Produits Animaux","2013","2013","Kcal/personne/jour","576","Fc","Donnée calculée"
"FBS","Bilans Alimentaires","117","République de Corée","674","Disponibilité de protéines en quantité (g/personne/jour)","2941","Produits Animaux","2013","2013","g/personne/jour","46.13","Fc","Donnée calculée"
"FBS","Bilans Alimentaires","146","République de Moldova","664","Disponibilité alimentaire (Kcal/personne/jour)","2941","Produits Animaux","2013","2013","Kcal/personne/jour","691","Fc","Donnée calculée"
"FBS","Bilans Alimentaires","146","République de Moldova","674","Disponibilité de protéines en quantité (g/personne/jour)","2941","Produits Animaux","2013","2013","g/personne/jour","35.24","Fc","Donnée calculée"
"FBS","Bilans Alimentaires","120","République démocratique populaire lao","664","Disponibilité alimentaire (Kcal/personne/jour)","2941","Produits Animaux","2013","2013","Kcal/personne/jour","219","Fc","Donnée calculée"
"FBS","Bilans Alimentaires","120","République démocratique populaire lao","674","Disponibilité de protéines en quantité (g/personne/jour)","2941","Produits Animaux","2013","2013","g/personne/jour","14.59","Fc","Donnée calculée"
"FBS","Bilans Alimentaires","56","République dominicaine","664","Disponibilité alimentaire (Kcal/personne/jour)","2941","Produits Animaux","2013","2013","Kcal/personne/jour","388","Fc","Donnée calculée"
"FBS","Bilans Alimentaires","56","République dominicaine","674","Disponibilité de protéines en quantité (g/personne/jour)","2941","Produits Animaux","2013","2013","g/personne/jour","26.4","Fc","Donnée calculée"
"FBS","Bilans Alimentaires","116","République populaire démocratique de Corée","664","Disponibilité alimentaire (Kcal/personne/jour)","2941","Produits Animaux","2013","2013","Kcal/personne/jour","130","Fc","Donnée calculée"
"FBS","Bilans Alimentaires","116","République populaire démocratique de Corée","674","Disponibilité de protéines en quantité (g/personne/jour)","2941","Produits Animaux","2013","2013","g/personne/jour","10.07","Fc","Donnée calculée"
"FBS","Bilans Alimentaires","215","République-Unie de Tanzanie","664","Disponibilité alimentaire (Kcal/personne/jour)","2941","Produits Animaux","2013","2013","Kcal/personne/jour","146","Fc","Donnée calculée"
"FBS","Bilans Alimentaires","215","République-Unie de Tanzanie","674","Disponibilité de protéines en quantité (g/personne/jour)","2941","Produits Animaux","2013","2013","g/personne/jour","10.2","Fc","Donnée calculée"
"FBS","Bilans Alimentaires","183","Roumanie","664","Disponibilité alimentaire (Kcal/personne/jour)","2941","Produits Animaux","2013","2013","Kcal/personne/jour","790","Fc","Donnée calculée"
"FBS","Bilans Alimentaires","183","Roumanie","674","Disponibilité de protéines en quantité (g/personne/jour)","2941","Produits Animaux","2013","2013","g/personne/jour","47.21","Fc","Donnée calculée"
"FBS","Bilans Alimentaires","229","Royaume-Uni","664","Disponibilité alimentaire (Kcal/personne/jour)","2941","Produits Animaux","2013","2013","Kcal/personne/jour","980","Fc","Donnée calculée"
"FBS","Bilans Alimentaires","229","Royaume-Uni","674","Disponibilité de protéines en quantité (g/personne/jour)","2941","Produits Animaux","2013","2013","g/personne/jour","58.28","Fc","Donnée calculée"
"FBS","Bilans Alimentaires","184","Rwanda","664","Disponibilité alimentaire (Kcal/personne/jour)","2941","Produits Animaux","2013","2013","Kcal/personne/jour","64","Fc","Donnée calculée"
"FBS","Bilans Alimentaires","184","Rwanda","674","Disponibilité de protéines en quantité (g/personne/jour)","2941","Produits Animaux","2013","2013","g/personne/jour","5.59","Fc","Donnée calculée"
"FBS","Bilans Alimentaires","189","Sainte-Lucie","664","Disponibilité alimentaire (Kcal/personne/jour)","2941","Produits Animaux","2013","2013","Kcal/personne/jour","771","Fc","Donnée calculée"
"FBS","Bilans Alimentaires","189","Sainte-Lucie","674","Disponibilité de protéines en quantité (g/personne/jour)","2941","Produits Animaux","2013","2013","g/personne/jour","50.62","Fc","Donnée calculée"
"FBS","Bilans Alimentaires","188","Saint-Kitts-et-Nevis","664","Disponibilité alimentaire (Kcal/personne/jour)","2941","Produits Animaux","2013","2013","Kcal/personne/jour","671","Fc","Donnée calculée"
"FBS","Bilans Alimentaires","188","Saint-Kitts-et-Nevis","674","Disponibilité de protéines en quantité (g/personne/jour)","2941","Produits Animaux","2013","2013","g/personne/jour","45.58","Fc","Donnée calculée"
"FBS","Bilans Alimentaires","191","Saint-Vincent-et-les Grenadines","664","Disponibilité alimentaire (Kcal/personne/jour)","2941","Produits Animaux","2013","2013","Kcal/personne/jour","589","Fc","Donnée calculée"
"FBS","Bilans Alimentaires","191","Saint-Vincent-et-les Grenadines","674","Disponibilité de protéines en quantité (g/personne/jour)","2941","Produits Animaux","2013","2013","g/personne/jour","46.97","Fc","Donnée calculée"
"FBS","Bilans Alimentaires","244","Samoa","664","Disponibilité alimentaire (Kcal/personne/jour)","2941","Produits Animaux","2013","2013","Kcal/personne/jour","815","Fc","Donnée calculée"
"FBS","Bilans Alimentaires","244","Samoa","674","Disponibilité de protéines en quantité (g/personne/jour)","2941","Produits Animaux","2013","2013","g/personne/jour","53.66","Fc","Donnée calculée"
"FBS","Bilans Alimentaires","193","Sao Tomé-et-Principe","664","Disponibilité alimentaire (Kcal/personne/jour)","2941","Produits Animaux","2013","2013","Kcal/personne/jour","185","Fc","Donnée calculée"
"FBS","Bilans Alimentaires","193","Sao Tomé-et-Principe","674","Disponibilité de protéines en quantité (g/personne/jour)","2941","Produits Animaux","2013","2013","g/personne/jour","15.9","Fc","Donnée calculée"
"FBS","Bilans Alimentaires","195","Sénégal","664","Disponibilité alimentaire (Kcal/personne/jour)","2941","Produits Animaux","2013","2013","Kcal/personne/jour","166","Fc","Donnée calculée"
"FBS","Bilans Alimentaires","195","Sénégal","674","Disponibilité de protéines en quantité (g/personne/jour)","2941","Produits Animaux","2013","2013","g/personne/jour","15.25","Fc","Donnée calculée"
"FBS","Bilans Alimentaires","272","Serbie","664","Disponibilité alimentaire (Kcal/personne/jour)","2941","Produits Animaux","2013","2013","Kcal/personne/jour","701","Fc","Donnée calculée"
"FBS","Bilans Alimentaires","272","Serbie","674","Disponibilité de protéines en quantité (g/personne/jour)","2941","Produits Animaux","2013","2013","g/personne/jour","39.93","Fc","Donnée calculée"
"FBS","Bilans Alimentaires","197","Sierra Leone","664","Disponibilité alimentaire (Kcal/personne/jour)","2941","Produits Animaux","2013","2013","Kcal/personne/jour","131","Fc","Donnée calculée"
"FBS","Bilans Alimentaires","197","Sierra Leone","674","Disponibilité de protéines en quantité (g/personne/jour)","2941","Produits Animaux","2013","2013","g/personne/jour","14.87","Fc","Donnée calculée"
"FBS","Bilans Alimentaires","199","Slovaquie","664","Disponibilité alimentaire (Kcal/personne/jour)","2941","Produits Animaux","2013","2013","Kcal/personne/jour","766","Fc","Donnée calculée"
"FBS","Bilans Alimentaires","199","Slovaquie","674","Disponibilité de protéines en quantité (g/personne/jour)","2941","Produits Animaux","2013","2013","g/personne/jour","34.95","Fc","Donnée calculée"
"FBS","Bilans Alimentaires","198","Slovénie","664","Disponibilité alimentaire (Kcal/personne/jour)","2941","Produits Animaux","2013","2013","Kcal/personne/jour","804","Fc","Donnée calculée"
"FBS","Bilans Alimentaires","198","Slovénie","674","Disponibilité de protéines en quantité (g/personne/jour)","2941","Produits Animaux","2013","2013","g/personne/jour","51.81","Fc","Donnée calculée"
"FBS","Bilans Alimentaires","276","Soudan","664","Disponibilité alimentaire (Kcal/personne/jour)","2941","Produits Animaux","2013","2013","Kcal/personne/jour","512","Fc","Donnée calculée"
"FBS","Bilans Alimentaires","276","Soudan","674","Disponibilité de protéines en quantité (g/personne/jour)","2941","Produits Animaux","2013","2013","g/personne/jour","29.2","Fc","Donnée calculée"
"FBS","Bilans Alimentaires","38","Sri Lanka","664","Disponibilité alimentaire (Kcal/personne/jour)","2941","Produits Animaux","2013","2013","Kcal/personne/jour","167","Fc","Donnée calculée"
"FBS","Bilans Alimentaires","38","Sri Lanka","674","Disponibilité de protéines en quantité (g/personne/jour)","2941","Produits Animaux","2013","2013","g/personne/jour","16.31","Fc","Donnée calculée"
"FBS","Bilans Alimentaires","210","Suède","664","Disponibilité alimentaire (Kcal/personne/jour)","2941","Produits Animaux","2013","2013","Kcal/personne/jour","1052","Fc","Donnée calculée"
"FBS","Bilans Alimentaires","210","Suède","674","Disponibilité de protéines en quantité (g/personne/jour)","2941","Produits Animaux","2013","2013","g/personne/jour","70.83","Fc","Donnée calculée"
"FBS","Bilans Alimentaires","211","Suisse","664","Disponibilité alimentaire (Kcal/personne/jour)","2941","Produits Animaux","2013","2013","Kcal/personne/jour","1124","Fc","Donnée calculée"
"FBS","Bilans Alimentaires","211","Suisse","674","Disponibilité de protéines en quantité (g/personne/jour)","2941","Produits Animaux","2013","2013","g/personne/jour","59.77","Fc","Donnée calculée"
"FBS","Bilans Alimentaires","207","Suriname","664","Disponibilité alimentaire (Kcal/personne/jour)","2941","Produits Animaux","2013","2013","Kcal/personne/jour","377","Fc","Donnée calculée"
"FBS","Bilans Alimentaires","207","Suriname","674","Disponibilité de protéines en quantité (g/personne/jour)","2941","Produits Animaux","2013","2013","g/personne/jour","28.38","Fc","Donnée calculée"
"FBS","Bilans Alimentaires","209","Eswatini","664","Disponibilité alimentaire (Kcal/personne/jour)","2941","Produits Animaux","2013","2013","Kcal/personne/jour","263","Fc","Donnée calculée"
"FBS","Bilans Alimentaires","209","Eswatini","674","Disponibilité de protéines en quantité (g/personne/jour)","2941","Produits Animaux","2013","2013","g/personne/jour","17.58","Fc","Donnée calculée"
"FBS","Bilans Alimentaires","208","Tadjikistan","664","Disponibilité alimentaire (Kcal/personne/jour)","2941","Produits Animaux","2013","2013","Kcal/personne/jour","269","Fc","Donnée calculée"
"FBS","Bilans Alimentaires","208","Tadjikistan","674","Disponibilité de protéines en quantité (g/personne/jour)","2941","Produits Animaux","2013","2013","g/personne/jour","21.27","Fc","Donnée calculée"
"FBS","Bilans Alimentaires","39","Tchad","664","Disponibilité alimentaire (Kcal/personne/jour)","2941","Produits Animaux","2013","2013","Kcal/personne/jour","119","Fc","Donnée calculée"
"FBS","Bilans Alimentaires","39","Tchad","674","Disponibilité de protéines en quantité (g/personne/jour)","2941","Produits Animaux","2013","2013","g/personne/jour","9.7","Fc","Donnée calculée"
"FBS","Bilans Alimentaires","167","Tchéquie (la)","664","Disponibilité alimentaire (Kcal/personne/jour)","2941","Produits Animaux","2013","2013","Kcal/personne/jour","838","Fc","Donnée calculée"
"FBS","Bilans Alimentaires","167","Tchéquie (la)","674","Disponibilité de protéines en quantité (g/personne/jour)","2941","Produits Animaux","2013","2013","g/personne/jour","50.48","Fc","Donnée calculée"
"FBS","Bilans Alimentaires","216","Thaïlande","664","Disponibilité alimentaire (Kcal/personne/jour)","2941","Produits Animaux","2013","2013","Kcal/personne/jour","351","Fc","Donnée calculée"
"FBS","Bilans Alimentaires","216","Thaïlande","674","Disponibilité de protéines en quantité (g/personne/jour)","2941","Produits Animaux","2013","2013","g/personne/jour","24.85","Fc","Donnée calculée"
"FBS","Bilans Alimentaires","176","Timor-Leste","664","Disponibilité alimentaire (Kcal/personne/jour)","2941","Produits Animaux","2013","2013","Kcal/personne/jour","246","Fc","Donnée calculée"
"FBS","Bilans Alimentaires","176","Timor-Leste","674","Disponibilité de protéines en quantité (g/personne/jour)","2941","Produits Animaux","2013","2013","g/personne/jour","17.75","Fc","Donnée calculée"
"FBS","Bilans Alimentaires","217","Togo","664","Disponibilité alimentaire (Kcal/personne/jour)","2941","Produits Animaux","2013","2013","Kcal/personne/jour","94","Fc","Donnée calculée"
"FBS","Bilans Alimentaires","217","Togo","674","Disponibilité de protéines en quantité (g/personne/jour)","2941","Produits Animaux","2013","2013","g/personne/jour","9.04","Fc","Donnée calculée"
"FBS","Bilans Alimentaires","220","Trinité-et-Tobago","664","Disponibilité alimentaire (Kcal/personne/jour)","2941","Produits Animaux","2013","2013","Kcal/personne/jour","636","Fc","Donnée calculée"
"FBS","Bilans Alimentaires","220","Trinité-et-Tobago","674","Disponibilité de protéines en quantité (g/personne/jour)","2941","Produits Animaux","2013","2013","g/personne/jour","43.11","Fc","Donnée calculée"
"FBS","Bilans Alimentaires","222","Tunisie","664","Disponibilité alimentaire (Kcal/personne/jour)","2941","Produits Animaux","2013","2013","Kcal/personne/jour","379","Fc","Donnée calculée"
"FBS","Bilans Alimentaires","222","Tunisie","674","Disponibilité de protéines en quantité (g/personne/jour)","2941","Produits Animaux","2013","2013","g/personne/jour","28.37","Fc","Donnée calculée"
"FBS","Bilans Alimentaires","213","Turkménistan","664","Disponibilité alimentaire (Kcal/personne/jour)","2941","Produits Animaux","2013","2013","Kcal/personne/jour","685","Fc","Donnée calculée"
"FBS","Bilans Alimentaires","213","Turkménistan","674","Disponibilité de protéines en quantité (g/personne/jour)","2941","Produits Animaux","2013","2013","g/personne/jour","37.95","Fc","Donnée calculée"
"FBS","Bilans Alimentaires","223","Turquie","664","Disponibilité alimentaire (Kcal/personne/jour)","2941","Produits Animaux","2013","2013","Kcal/personne/jour","567","Fc","Donnée calculée"
"FBS","Bilans Alimentaires","223","Turquie","674","Disponibilité de protéines en quantité (g/personne/jour)","2941","Produits Animaux","2013","2013","g/personne/jour","36.31","Fc","Donnée calculée"
"FBS","Bilans Alimentaires","230","Ukraine","664","Disponibilité alimentaire (Kcal/personne/jour)","2941","Produits Animaux","2013","2013","Kcal/personne/jour","687","Fc","Donnée calculée"
"FBS","Bilans Alimentaires","230","Ukraine","674","Disponibilité de protéines en quantité (g/personne/jour)","2941","Produits Animaux","2013","2013","g/personne/jour","43.15","Fc","Donnée calculée"
"FBS","Bilans Alimentaires","234","Uruguay","664","Disponibilité alimentaire (Kcal/personne/jour)","2941","Produits Animaux","2013","2013","Kcal/personne/jour","868","Fc","Donnée calculée"
"FBS","Bilans Alimentaires","234","Uruguay","674","Disponibilité de protéines en quantité (g/personne/jour)","2941","Produits Animaux","2013","2013","g/personne/jour","54","Fc","Donnée calculée"
"FBS","Bilans Alimentaires","155","Vanuatu","664","Disponibilité alimentaire (Kcal/personne/jour)","2941","Produits Animaux","2013","2013","Kcal/personne/jour","443","Fc","Donnée calculée"
"FBS","Bilans Alimentaires","155","Vanuatu","674","Disponibilité de protéines en quantité (g/personne/jour)","2941","Produits Animaux","2013","2013","g/personne/jour","29.23","Fc","Donnée calculée"
"FBS","Bilans Alimentaires","236","Venezuela (République bolivarienne du)","664","Disponibilité alimentaire (Kcal/personne/jour)","2941","Produits Animaux","2013","2013","Kcal/personne/jour","475","Fc","Donnée calculée"
"FBS","Bilans Alimentaires","236","Venezuela (République bolivarienne du)","674","Disponibilité de protéines en quantité (g/personne/jour)","2941","Produits Animaux","2013","2013","g/personne/jour","38.12","Fc","Donnée calculée"
"FBS","Bilans Alimentaires","237","Viet Nam","664","Disponibilité alimentaire (Kcal/personne/jour)","2941","Produits Animaux","2013","2013","Kcal/personne/jour","575","Fc","Donnée calculée"
"FBS","Bilans Alimentaires","237","Viet Nam","674","Disponibilité de protéines en quantité (g/personne/jour)","2941","Produits Animaux","2013","2013","g/personne/jour","31.05","Fc","Donnée calculée"
"FBS","Bilans Alimentaires","249","Yémen","664","Disponibilité alimentaire (Kcal/personne/jour)","2941","Produits Animaux","2013","2013","Kcal/personne/jour","189","Fc","Donnée calculée"
"FBS","Bilans Alimentaires","249","Yémen","674","Disponibilité de protéines en quantité (g/personne/jour)","2941","Produits Animaux","2013","2013","g/personne/jour","13.88","Fc","Donnée calculée"
"FBS","Bilans Alimentaires","251","Zambie","664","Disponibilité alimentaire (Kcal/personne/jour)","2941","Produits Animaux","2013","2013","Kcal/personne/jour","107","Fc","Donnée calculée"
"FBS","Bilans Alimentaires","251","Zambie","674","Disponibilité de protéines en quantité (g/personne/jour)","2941","Produits Animaux","2013","2013","g/personne/jour","9.23","Fc","Donnée calculée"
"FBS","Bilans Alimentaires","181","Zimbabwe","664","Disponibilité alimentaire (Kcal/personne/jour)","2941","Produits Animaux","2013","2013","Kcal/personne/jour","179","Fc","Donnée calculée"
"FBS","Bilans Alimentaires","181","Zimbabwe","674","Disponibilité de protéines en quantité (g/personne/jour)","2941","Produits Animaux","2013","2013","g/personne/jour","11.76","Fc","Donnée calculée"
"FBS","Bilans Alimentaires","351","Chine","664","Disponibilité alimentaire (Kcal/personne/jour)","2941","Produits Animaux","2013","2013","Kcal/personne/jour","726","Fc","Donnée calculée"
"FBS","Bilans Alimentaires","351","Chine","674","Disponibilité de protéines en quantité (g/personne/jour)","2941","Produits Animaux","2013","2013","g/personne/jour","39.64","Fc","Donnée calculée"
